1120	菜	威尼斯	All'Arco（里亚托市场旁）	['baccalà mantecato鳕鱼酱cicchetti', '生火腿无花果小面包']	"_13_-_ITALY_-_Cicchetti_Venetian_cuisine_appetizers_restaurant_(_not_are_tapas_are_ciccheti_of_Venice)_in_this_pics_Baccalà_mantecato_(Cod).jpg
1121	菜	威尼斯	Suso Gelatoteca	['Manet开心果榛子酱', '咸焦糖']	CafeMia.jpg
1122	菜	威尼斯	Trattoria alla Madonna	['墨鱼汁面', '炸软壳蟹moeche（季节）']	Spaghetti_al_nero_di_seppia.jpg
1123	菜	维多利亚瀑布	利文斯通Maramba市场小吃摊	['Nshima玉米糊配干鱼', '炸Kapenta小银鱼']	Ugali_&_Sukuma_Wiki.jpg
1124	菜	维多利亚瀑布	The Lookout Café（峡谷边）	['峡谷景观汉堡', '鲜榨芒果汁']	RedDot_Burger.jpg
1125	菜	维也纳	Bitzinger Würstelstand (Albertina旁)	['Käsekrainer芝士肠', 'Bosna辣肠卷']	Käsekrainer.jpg
1126	菜	维也纳	Trzesniewski	['鸡蛋抹酱开面小三明治', 'Pfiff小杯啤酒']	Norwegian.open.sandwich-01.jpg
1127	菜	维也纳	Café Hawelka	['Buchteln果酱面包', '米朗琪咖啡']	Buchteln.jpg
1128	菜	维也纳	Figlmüller	['招牌炸猪排Schnitzel', '土豆沙拉']	Wiener-Schnitzel02.jpg
1129	菜	维也纳	Gasthaus Pöschl	['维也纳炖牛肉Gulasch', '炸排']	Gulyas080.jpg
1130	菜	维也纳	Plachutta Wollzeile	['Tafelspitz水煮牛肉', '骨髓抹黑面包']	Tafelspitz.jpg
1131	菜	东方站寒极	东方站食堂	['红菜汤borscht', '荞麦粥配罐头炖牛肉', '压缩土豆泥']	Borscht_served.jpg
1132	菜	东方站寒极	站内面包房出炉时刻	['现烤黑面包']	Market_Bread,_Riga,_Latvia.jpg
1133	菜	瓦迪拉姆	瓦迪拉姆村口法拉费小摊	['法拉费夹饼', '鹰嘴豆泥']	Falafels_2.jpg
1134	菜	瓦迪拉姆	Memories Aicha Luxury Camp 晚餐	['羊肘曼萨夫', '阿拉伯甜点拼盘']	Mansaf,_the_traditional_dish_of_Jordan.jpg
1135	菜	瓦迪拉姆	向导的午餐火堆	['现烙 Shrak 薄饼', '沙丁鱼罐头配番茄']	Yufka_ekmek.jpg
1136	菜	怀托摩萤火虫洞	Waitomo General Store 馅饼保温柜	['mince & cheese肉馅饼', 'L&P汽水']	MeatPie.JPG
1137	菜	怀托摩萤火虫洞	Fat Kiwi Café（Otorohanga镇）	['big breakfast大早餐', '香蕉太妃派']	Full_English_breakfast_on_a_plate.jpg
1138	菜	白沙漠	巴维提市场塔米亚摊	['塔米亚夹饼', '甜红茶']	Falafels_2.jpg
1139	菜	白沙漠	巴维提椰枣铺	['软椰枣', '橄榄', '绿洲蜂蜜']	Dates005.jpg
1140	菜	酒杯湾	Melshell Oysters（Dolphin Sands的生蚝小屋）	['刚离水的生蚝一打']	Oysters_on_the_half_shell,_raw.jpg
1141	菜	酒杯湾	The Fishers 海鲜车（Devil's Corner酒庄）	['扇贝派', '炸鱿鱼']	Scallop_pie_(cropped).jpg
1142	菜	酒杯湾	Geographe Restaurant & Espresso Bar	['炸鱼薯条', 'flat white']	Fish_and_chips_blackpool.jpg
1143	菜	酒杯湾	Freycinet Marine Farm	['现开生蚝', '蒜蓉青口', '龙虾卷']	Oysters_on_the_half_shell,_raw.jpg
1144	菜	天门山	大庸府城门口糖油粑粑摊	['糖油粑粑', '凉面']	糖油粑粑.jpg
1145	菜	黄石	Taqueria Las Palmitas（西黄石镇的taco巴士）	['carnitas塔可', '牛舌塔可']	Carnitas.jpg
1146	菜	黄石	Running Bear Pancake House（西黄石）	['蓝莓煎饼', '肉汁松饼']	Foodiesfeed.com_pouring-honey-on-pancakes-with-walnuts.jpg
1147	菜	优胜美地	Village Grill（村口汉堡窗口）	['熏牛肉汉堡', '薯条']	RedDot_Burger.jpg
1148	菜	优胜美地	Curry Village Pizza Deck	['现烤玛格丽特披萨', '扎啤']	Pizza_Margherita_stu_spivack.jpg
1149	菜	优胜美地	The Ahwahnee Dining Room	['慢烤牛肋排', '周日自助早午餐']	Beef_Prime_Rib_Dinner.jpg
1150	菜	永加斯死亡之路	街角夜里的 anticucho 炭烤摊（La Paz）	['anticucho牛心串', '烤土豆配花生辣酱']	Anticuchos_-_Grilled_Beef_Heart_skewers.jpg
1151	菜	永加斯死亡之路	Paceña La Salteña（La Paz连锁老店）	['鸡肉salteña', '牛肉salteña']	Salteñas_de_Bolivia.jpg
1152	菜	张家界	武陵源镇上的米粉早餐店	['酸辣牛肉米粉', '煎蛋加粉']	Changde-style_beef_rice_noodle_soup_in_Beijing_(20180716170336).jpg
1153	菜	张家界	溪布街夜市烤鱼摊	['烤溪鱼', '糖油粑粑', '烤糍粑']	20241213_Bantianyao_Grilled_Fish_Restaurant_at_Wanda_Fun,_Zhengzhou.jpg
1154	住	阿布扎比空之沙漠	Qasr Al Sarab Desert Resort别墅	空之沙漠深处的一座宫殿，私家泳池就悬在沙丘上方，清晨拉开窗帘	Qasr_Al_Sarab_-_Hotel_in_the_area.jpg
1155	住	安曼	Four Seasons Amman山顶大床房	立在第五环高点，整面落地窗铺开七座山丘的灯海，日落时白色城市	Four_Seasons_Amman_P1090319.JPG
1156	住	阿姆斯特丹	Pulitzer Amsterdam	25栋运河老宅打通的酒店，走廊高低错落像迷宫，窗外就是王子运	Pulitzer_Amsterdam_-_2.jpg
1157	住	阿姆斯特丹	Waldorf Astoria Amsterdam	六栋17世纪运河宫殿，私家花园安静得听得见喷泉，管家记得你的	Rm1892-4.JPG
1158	住	吴哥窟	Raffles Grand Hotel d'Angkor	1932年的老电梯还在运行，查理·卓别林和杰奎琳都住过，下午	Grand_Hotel_d'Angkor.jpg
1159	住	吴哥窟	Amansara	西哈努克国王六十年代的宾馆改的安缦，只有24间套房，含私人突	Amansara_Resort-Siem_Reap.jpg
1160	住	南极帝企鹅栖息地	破冰船Kapitan Khlebnikov舱房(雪丘岛帝企鹅航线)	传奇破冰船每隔几年才开一次帝企鹅航线，直升机把你从船甲板吊运	Icebreaker_and_penguins.jpg
1161	住	羚羊峡谷	Amangiri(Canyon Point, 车程25分钟)	藏在红岩荒漠褶皱里的安缦，混凝土建筑和岩层长在一起，泳池绕着	Amangiri_Resort_(24191518278).jpg
1162	住	特罗姆瑟极光	Scandic Ishavshotel	就在码头边，房间窗户正对峡湾和大桥，早餐的挪威三文鱼随便加。	Scandic_Ishavshotel_Tromsø_002.jpg
1163	住	特罗姆瑟极光	Tromsø Ice Domes冰屋 / Lyngen北极光玻璃屋	睡在冰做的房间或整面玻璃的穹顶下，躺在床上等极光自己路过天花	Roald_Amundsen_snow_sculpture_Tromso_Ice_Domes_in_Øverbygd,_Norway.jpg
1164	住	巴厘岛	Four Seasons Sayan / Alila Villas Uluwatu	要么睡在峡谷雨林的树冠层，要么睡在悬崖无边泳池边上，管家记得	Alila_Villas_Uluwatu.jpg
1165	住	班夫	Fairmont Banff Springs / Chateau Lake Louise	'落基山的城堡'，一百多年的石头堡垒，湖景房拉开窗帘就是那汪	Banff_Spring_Hotel_Alberta_Kim_Payant_02.jpg
1166	住	曼谷	The Standard Bangkok Mahanakhon	住进那栋像素块剥落的地标楼里，浴缸边就是落地窗，曼谷的车流在	Bangkok_-_King_Power_Mahanakhon_คิง_เพาเวอร์_มหานคร_2021_May.jpg
1167	住	曼谷	Mandarin Oriental Bangkok 文华东方	1876年开业的河畔传奇，作家翼住过毛姆和康拉德，下午茶的银	Mandarin_Oriental_Bangkok_Bang_Rak.jpg
1168	住	巴塞罗那	Mandarin Oriental Barcelona	格拉西亚大道的旧银行大楼改建，走出门左右手都是高迪。	Mandarin_Oriental_Barcelona.jpg
1169	住	巴塞罗那	W Barcelona（帆船酒店）	海滩尽头那面玻璃帆，房间整面窗都是地中海，日出直接照在床上。	14-08-05-barcelona-RalfR-001.jpg
1170	住	不丹	Zhiwa Ling Heritage（帕罗）	全不丹工匠手工雕出来的木头宫殿，二楼有座真佛堂，僧人每天来诵	Zhiwa_Ling_Hotel,_Paro,_Bhutan_(6856082967).jpg
1171	住	波拉波拉岛	Four Seasons Bora Bora水上别墅	私人泳池正对Otemanu山，早餐坐独木舟送来，船夫戴着花环	Four_Seasons_Resort_Bora_Bora.jpg
1172	住	布宜诺斯艾利斯	Palacio Duhau – Park Hyatt	真宫殿改的酒店，梯田花园里喝下午茶，奶酪窖藏着全阿根廷的骄傲	Palacio_Duhau_Park_Hyatt_01.jpg
1173	住	布宜诺斯艾利斯	Alvear Palace Hotel	雷科莱塔的老钱气派，镀金大堂和白手套管家，下午茶的三层架从1	Alvear_palace_hotel.jpg
1174	住	开罗与吉萨	Marriott Mena House（吉萨）	139年历史的猎宫改的酒店，花园泳池抬头就是大金字塔，丘吉尔	The_Oberoi_-_Mena_House,_Egypt.jpg
1175	住	开普敦	Victoria & Alfred Hotel (海滨码头)	老仓库改的酒店，推开窗是桌山和桅杆，海豹的叫声当闹钟。	Victoria_&_Alfred_Hotel,_V&A_Waterfront,_Cape_Town_(01).jpg
1176	住	开普敦	The Silo Hotel	老粮仓顶上的玻璃盒子，浴缸对着整面桌山，连电梯都在艺术馆里。	The_Grain_Silo,_Cape_Town,_South_Africa.jpg
1177	住	卡塔赫纳	Sofitel Legend Santa Clara	十七世纪修道院改的传奇酒店，回廊里养着巨嘴鸟，马尔克斯的小说	Cartagena_Hotel_Santa_Clara.jpg
1178	住	奇琴伊察	The Lodge at Chichén Itzá	独栋玛雅风茅草顶别墅藏在丛林花园里，私人露台泳池，傍晚园区清	Lodge_at_Chichen_Itza_-_Chair_and_Hammock.jpg
1179	住	莫赫悬崖	Gregans Castle Hotel	十八世纪庄园宅邸，没有电视，壁炉边放着威士忌和当天的报纸	Gregans_Castle_Hotel.jpg
1180	住	莫赫悬崖	Dromoland Castle	十六世纪真城堡，早上可以带着猎鹰散步，鹰落在手套上的那一下很	Dromoland_Castle.jpg
1181	住	科尔马	La Maison des Têtes	1609年的人头屋本尊，外墙106个木雕人头，房间里横梁比人	Maison_des_Têtes_(Colmar)_(1).jpg
1182	住	科托帕希火山	Hacienda El Porvenir (Tierra del Volcán)	还在运营的牧场庄园，草顶白墙，骑马和火山徒步从门口出发，晚上	Hacienda_El_Porvenir.jpg
1183	住	科托帕希火山	Hacienda San Agustín de Callo	睡在印加帝国的宫殿石墙里，壁炉烧一整夜，浴室的石头是十五世纪	X_Hacienda_El_Callo_0801_(1)_(16673695803).jpg
1184	住	库斯科	Monasterio, A Belmond Hotel	1592年的修道院改的，回廊里挂着殖民时期油画，院中一棵三百	Monasterio_Hotel,_Cusco,_Peru_-_panoramio.jpg
1185	住	死海	Mövenpick Resort & Spa Dead Sea	石头村落式的院子一路铺到海边，无边泳池和死海连成一个平面。	Movenpick_Dead_Sea_-_Jordan.png
1186	住	死海	Kempinski Hotel Ishtar Dead Sea	巴比伦空中花园主题，一层层水池叠下去，套房自带泡死海水的私池	Kempinski_Hotel_Ishtar_-_Dead_Sea_-_Jordan.jpg
1187	住	死亡谷国家公园	Stovepipe Wells Village Hotel	沙丘边的西部风汽车旅馆，泳池晚上十点还有人泡着看星星，房间简	STOVEPIPE_WELLS,_DEATH_VALLEY,_CA.jpg
1188	住	死亡谷国家公园	The Ranch at Death Valley	绿洲牧场风格的度假村，棕榈树围着草坪和泉水泳池，在一片焦土的	Furnace_Creek_Ranch_Entrance_2.JPG
1189	住	死亡谷国家公园	The Inn at Death Valley	1927年的四钻老饭店嵌在山坡绿洲里，温泉水灌的泳池常年29	Furnace_Creek_Inn_and_Ranch_Resort.jpg
1190	住	迪纳利峰	Talkeetna Alaskan Lodge	大堂落地窗正对迪纳利，天晴时整个酒店的人都端着咖啡挤在露台上	The_Alaska_Range_from_the_Talkeetna_Alaskan_Lodge..._(2572089596).jpg
1191	住	迪拜	Burj Al Arab（帆船酒店）	全套房双层设计，管家24小时待命，连iPad都是镀金的，浮夸	Burj_Al_Arab_Hotel,_Dubai,_UAE_(Ank_Kumar,_Infosys)_07.jpg
1192	住	迪拜	Atlantis The Royal	碧昂丝开业剪彩的那家，天空泳池悬在90米高空，池边躺椅比很多	Atlantis_The_Royal,_Dubai_1.jpg
1193	住	爱丁堡	The Scotsman Hotel	老《苏格兰人报》报社大楼改的，大理石旋转楼梯和老编辑室的木门	ScotsmanDayExterior.jpg
1194	住	爱丁堡	The Balmoral	火车站旁的地标钟楼酒店，那口钟常年快三分钟好让人赶上火车，J	00_103_0325_Balmoral_Hotel,_Edinburgh,_Schottland.jpg
1195	住	法罗群岛	Hotel Føroyar	草皮屋顶的酒店趴在山坡上，整面落地窗俯瞰托尔斯港，雨点打在草	Hotel_foroyar.jpg
1196	住	佛罗伦萨	Four Seasons Hotel Firenze	文艺复兴宫殿加全城最大的私家园林，走去大教堂十分钟，回来像躲	Borgo_pinti_99,_palazzo_della_gherardesca_02.JPG
1197	住	加拉帕戈斯群岛	Finch Bay Hotel	镇对岸的隐居地，只能坐小艇进出，私家沙滩上清晨有海鬣蜥列队，	Walking_to_the_Finch_Bay_Eco_Hotel_in_Galapagos_Islands_Hotel.JPG
1198	住	玻璃海滩	Noyo Harbor Inn	百年老宅改的港湾旅店，木楼梯咯吱响，窗下就是渔船进出的Noy	Noyo_Harbor_Inn_-_August_2022_-_Sarah_Stierch_01.jpg
1199	住	安赫尔瀑布	Waku Lodge	卡奈马泻湖岸边最好的房子，棕榈顶大床房推门见瀑布，含全部餐食	Waku_Lodge,_Canaima_-_panoramio_(7).jpg
1200	住	大峡谷	El Tovar Hotel	崖边的百年猎屋风格老酒店，黑木大堂挂着驼鹿头，套房阳台正对峡	El_Tovar_Grand_Canyon_Village_09_2017_5284.jpg
1201	住	哈尔施塔特	Gasthof Simony	湖景房的木地板咯吱响，推开窗天鹅正好游过，早餐在自家湖边花园	Gasthof_Simony_-_panoramio.jpg
1202	住	哈尔施塔特	Seehotel Grüner Baum	房间阳台直接悬在湖面上，躺在床上就能看对岸的山，茜茜公主住过	Hotel_Grüner_Baum_in_Hallstatt.jpg
1203	住	河内	Sofitel Legend Metropole Hanoi	1901年的白色殖民老楼，卓别林和格雷厄姆·格林都住过，院里	Sofitel_Metropole,_Ngô_Quyền_-_2022-09-02_01.jpg
1204	住	河内	Capella Hanoi	歌剧院旁边的歌剧主题酒店，整栋楼像一座金色的后台，管家问你要	Capella_Hanoi_-_2022-09-02_01.jpg
1205	住	哈瓦那	Hotel Nacional de Cuba	1930年的传奇老酒店，丘吉尔和黑帮都住过，花园草坪上喝mo	The_Hotel_Nacional,_Havana,_Cuba_LCCN2010638840.jpg
1206	住	哈瓦那	Gran Hotel Manzana Kempinski	老城中心唯一的奢牌，天台无边泳池悬在国会大厦圆顶的视线里，泳	Havana_-_Manzana_de_Gomez.jpg
1207	住	夏威夷	Moana Surfrider	1901年的'威基基第一夫人'，白色殖民风外廊下那棵百年榕树	Moana_Surfrider,_A_Westin_Resort_&_Spa,_Waikiki_Beach_(1).jpg
1208	住	夏威夷	Halekulani	名字意思是'天堂之家'，泳池底马赛克拼着一朵巨大的兰花，傍晚	Halekulani_Hotel.jpg
1209	住	香港	香港逸东酒店 Eaton HK（佐敦）	地铁上盖，落楼转个弯就是庙街夜市，房间不大但床垫软得刚好。	Eaton_Hotel_Hong_Kong_sign_in_the_outside.jpg
1210	住	香港	唯港荟 Hotel ICON（尖沙咀东）	大堂一整面墙的垂直花园，海景房泡在浴缸里就能看八点的幻彩咏香	Hotel_ICON_(Hong_Kong).jpg
1211	住	香港	香港半岛酒店	1928年的远东贵妇，大堂下午茶有弦乐队现场，门口停着一排墨	The_Peninsula_Hong_Kong_(full_view).jpg
1212	住	香港	奕居 The Upper House（金钟）	开门就是49层以上的维港，房间安静得能听见自己的呼吸，浴缸对	The_exterior_of_Upper_House_Hotel_Hong_Kong.jpg
1213	住	伊斯坦布尔	Çırağan Palace Kempinski	真·奥斯曼苏丹宫殿改的酒店，无边泳池像直接接进博斯普鲁斯海峡	Ciragan_Palace_Kempinski.jpg
1214	住	K2乔戈里峰	Serena Shigar Fort	进山路上的四百年古堡改建酒店，木雕窗棂对着杏园，是碎石路和冰	Shigar_Fort_by_ZILL_NIAZI_22.jpg
1215	住	科托尔	Hotel Vardar	就在武器广场上，推开窗是钟楼，代价是清晨的钟声和夜里的酒吧声	Hotel_Vardar_-_panoramio.jpg
1216	住	京都	俵屋旅馆	三百年的老旅馆，进房间时庭院的枫叶刚好被打过水，安静得能听见	Tawaraya_Ryokan,_Kyoto_01.jpg
1217	住	京都	星のや京都	只能坐专属小船溯保津川进去的隐世旅馆，窗外就是岚山的水声。	Hoshinoya_Kyoto.jpg
1218	住	贝加尔湖	Nikita's Homestead 木屋（奥利洪岛胡日尔村）	岛上最有名的家庭旅馆，木屋带彩绘窗框，含两餐，院子里就能看星	Olhon_nikitas.jpg
1219	住	科莫湖	Grand Hotel Tremezzo	1910年的Art Nouveau宫殿，漂浮在湖面上的橙色泳	Grand_Hotel_Tremezzo_(Tremezzo)(36466012130).jpg
1220	住	科莫湖	Villa d'Este（切尔诺比奥）	五百年的枢机主教别墅，花园大到迷路，老钱们八月在这里躲全世界	Lake_Como_-_Villa_d'Este.jpg
1221	住	里斯本	Four Seasons Hotel Ritz Lisbon	城里最老派的豪华酒店，顶层跑道能边跑步边俯瞰整个城市和河，大	Hotel_Ritz_Lisboa_5529.jpg
1222	住	罗弗敦群岛	Nusfjord Arctic Resort	整座保护级老渔村被改成度假村，住客走后村子只剩海鸥，无边桑拿	Nusfjord.jpg
1223	住	伦敦	Claridge's（Mayfair）	Art Deco的黑白大理石大堂，门童记得住熟客的名字，下午	Claridges_Hotel_-_geograph.org.uk_-_1064579.jpg
1224	住	卢克索	Sofitel Winter Palace（东岸）	1886年的老宫殿酒店，阿加莎·克里斯蒂在这写过《尼罗河上的	Luxor_Winter_Palace_R01.jpg
1225	住	马拉喀什	La Mamounia	丘吉尔住过的传奇酒店，八公顷花园里橄榄树比酒店年纪还大，下午	La_Mamounia_outdoor_pool.jpg
1226	住	米尔福德峡湾	Milford Sound Lodge 背包房 / 蒂阿瑙湖畔背包栈	峡湾里最便宜的床位，公共厨房的窗户正对雨林，晚上熄灯后只有雨	Milford_Sound_Lodge.jpg
1227	住	米尔福德峡湾	Milford Sound Lodge 山景/河畔小屋	峡湾里唯一的住宿，落地窗对着克莱德河和雪线，夜里没有信号，只	Milford_Sound_Lodge.jpg
1228	住	梦莲湖	Fairmont Chateau Lake Louise 湖景套房	百年城堡酒店立在露易丝湖尽头，推开窗是冰川，走廊里的地毯厚得	Lake_Louise_and_Chateau,_as_seen_from_northern_shore_20240822_2.jpg
1229	住	纳木错	拉萨瑞吉度假酒店（以拉萨为大本营）	纳木错本地没有奢牌，讲究的玩法是住拉萨瑞吉包车一日往返，回来	The_St._Regis_Lhasa_Resort_(6943569786).jpg
1230	住	纽约	The Plaza	中央公园东南角的老牌宫殿，大堂的金色和白手套礼宾员都是电影里	Plaza_Hotel_New_York_January_2016.jpg
1231	住	北极点	核动力破冰船'胜利50周年'号标准双人舱	13天全含的整程船票价，舷窗外是三米厚的冰原，撞冰的震动就是	50letPob_pole.JPG
1232	住	北极点	'胜利50周年'号Arktika套房	整程价，套房带客厅和大舷窗，管事的会在极点日把香槟提前冰在你	50letPob_pole.JPG
1233	住	北极点	Le Commandant Charcot极地豪华邮轮套房（Ponant）	整程价，混合动力破冰邮轮上的私人阳台套房，泡在温水泳池里看船	Le_Commandant_Charcot_during_Operation_Tugaalik_in_June_23,_2024_(1).jpg
1234	住	巴布亚	Papua Paradise Eco Resort（Birie岛水上屋）	水上高脚屋含三餐和潜导，阳台木缝下面就是珊瑚，早上被浪声叫醒	Papua_Paradise_Eco_Resort_(39660315823).jpg
1235	住	巴黎	Le Meurice	杜乐丽花园对面的宫殿级酒店，达利住过三十年，门童记得每位客人	Hôtel_Meurice_-_Paris.jpg
1236	住	巴黎	Ritz Paris	旺多姆广场的传奇，海明威酒吧就在楼下，浴袍厚得像云。	Hotel_Ritz_Paris.jpg
1237	住	佩特拉	Mövenpick Resort Petra	就在景区门口马路对面，中庭是雕花木头和黄铜灯，进门先递一杯冰	Movenpick-Petra-hr-16.jpg
1238	住	吉隆坡	Mandarin Oriental Kuala Lumpur	就在双子塔脚下，无边泳池里抬头就是那两根银色的塔，近到不真实	Mandarin_Oriental,_Kuala_Lumpur,_June_2010.jpg
1239	住	吉隆坡	Four Seasons Kuala Lumpur	65层往上的房间，雷雨夜看闪电在双子塔旁边劈下来，像坐在云里	Four_Seasons_Place_KL.jpg
1240	住	皮皮岛	Zeavola Resort	岛最北端的柚木别墅，只能坐船到，清晨推开门沙滩上只有你的脚印	Zeavola_-_panoramio.jpg
1241	住	普吉岛	Keemala	雨林里的鸟巢树屋别墅，泡在私人泳池里看树冠，像住进一个部落传	Keemala_Resort_Overview_at_Sunrise.jpg
1242	住	普吉岛	Amanpuri	安缦的创始之作，独占一整个椰林半岛，安静到能听见钱包燃烧的声	D85_0192_Amanpuri_Phuket_Thailand_Photographed_by_Trisorn_Triboon.jpg
1243	住	布拉格	Augustine, a Luxury Collection Hotel	13世纪修道院改的酒店，院里真的还住着修士，钟声是免费的mo	Letenská,_Augustine_Hotel.jpg
1244	住	布拉格	Four Seasons Hotel Prague	河景房正对查理大桥，躺在床上看日出把桥塔一点点点亮	Praha_Four_Seasons_hotel.jpg
1245	住	特奥蒂瓦坎	Four Seasons Mexico City	改革大道上的殖民风格庭院，包车一小时直达金字塔，回来有人递冰	Four_Seasons_Hotel_Mexico_City_(47395931722).jpg
1246	住	皇后镇	Eichardt's Private Hotel	湖边1860年代的老宅，全镇最贵的壁炉，管家记得你喝什么威士	Eichardt's_Hotel_642.jpg
1247	住	雷克雅未克与冰岛	Kex Hostel（老饼干厂改建）	工业风青旅带海景酒吧，晚上本地乐队排练声从楼下飘上来	KEX_Hostel.jpg
1248	住	雷克雅未克与冰岛	The Retreat at Blue Lagoon	睡在熔岩原和奶蓝色温泉中间，私人潟湖不限时，价格也确实是梦里	Blue_Lagoon_Main_Building.JPG
1249	住	里约热内卢	Copacabana Palace（贝尔蒙德）	1923年的白色宫殿正对海滩，玛丽莲梦露住过的走廊，泳池边的	Hotel_Copacabana_Palace,_Río_de_Janeiro_A74224720241122.jpg
1250	住	罗马	Hotel de Russie	人民广场边上，梯田式的秘密花园藏在楼后，傍晚在花园酒吧能碰到	Campo_Marzio_-_Hotel_de_Russie_2.JPG
1251	住	乌尤尼盐沼	Luna Salada盐酒店	整栋楼用盐砖砌成，坐在盐窗台上看盐原日落，地板踩上去沙沙响，	Luna_Salada_Hotel_2017_01.jpg
1252	住	萨尔茨堡	Hotel Goldener Hirsch	1407年的猎人主题老宅，音乐节季住满指挥家，走廊里的鹿角灯	Hotel_Goldener_Hirsch_Salzburg.jpg
1253	住	旧金山	Palace Hotel（1875年老宫殿）	玻璃穹顶下的Garden Court吃早餐像在温室宫殿里，走	Palace_Hotel_and_Lotta's_Fountain.jpg
1254	住	苏格兰高地	Inverlochy Castle Hotel	维多利亚女王住过的城堡，管家帮你把泥靴子擦干净放回门口	Inverlochy_Castle_Hotel_(4823266853).jpg
1255	住	首尔	Signiel Seoul（乐天塔76-101层）	在云的高度醒来，整面窗都是汉江的晨雾，天气好时能一眼看到仁川	Lotte_World_Tower_day_view_10.jpg
1256	住	塞舌尔	Four Seasons Seychelles（Petite Anse）	树屋别墅挂在山坡上，私人泳池悬在椰林上方，下坡的电瓶车司机记	O_Four_Seasons_Seychelles_reúne_simplesmente_o_melhor_das_ilhas_(30113117075).jpg
1257	住	新加坡	Parkroyal Collection Pickering	整栋楼像从热带雨林里长出来的，空中花园走廊爬满绿植，泳池边就	Parkroyal_on_Pickering_(8579805153).crop.jpg
1258	住	新加坡	Raffles Hotel莱佛士酒店	1887年的白色殖民地传奇，锡兰风扇慢慢转，Long Bar	Raffles_Hotel_in_Singapore.jpg
1259	住	辛特拉	Lawrence's Hotel	1764年开业、号称伊比利亚最老的酒店，走廊挂着拜伦的画像，	Hotel_Lawrence's,_Sintra_04.jpg
1260	住	辛特拉	Tivoli Palácio de Seteais	十八世纪宫殿改的酒店，壁画厅里吃早餐，草坪尽头就是山谷和海，	Hotel_Tivoli_Palácio_de_Seteais.jpg
1261	住	辛特拉	Penha Longa Resort（丽思卡尔顿）	藏在山林高尔夫球场里的度假村，带十四世纪修道院和米其林餐厅，	Penha_Longa_resort_(48783199536).jpg
1262	住	伊卢利萨特冰峡湾	Hotel Arctic（含景观舱房的四星+极地酒店）	号称世界最北的四星级，悬崖上的金属舱房正对冰峡湾出口，冰山从	Hotel-Arctic.jpg
1263	住	斯瓦尔巴群岛	Svalbard Hotell | Polfareren（镇中心）	北欧性冷淡风的暖房间，窗外可能有驯鹿路过，大堂咖啡机二十四小	Svalbard_Hotell,_Longyearbyen.jpg
1264	住	斯瓦尔巴群岛	Isfjord Radio Adventure Hotel（峡湾尽头的旧电台站，全包套餐）	要坐船或雪地摩托才能抵达的旧无线电站，价格含全部餐食和向导，	Isfjord_radio_on_Svalbard_seen_from_west.jpg
1265	住	悉尼	Park Hyatt Sydney（环形码头岩石区）	拉开窗帘歌剧院就在正对面的水上，躺在床上看渡轮进出港，屋顶泳	Sydney_The_Rocks_Park_Hyatt_Sydney_seen_from_the_northeast.jpg
1266	住	巨魔之舌	Hotel Ullensvang峡湾景观套房（Lofthus）	格里格当年在这里写过曲子，无边泳池的水面和峡湾接在一起，果园	Hotel_Ullensvang_-_no-nb_digifoto_20150205_00026_NB_MIT_FNR_15604.jpg
1267	住	瓦拉纳西	BrijRama Palace（Darbhanga Ghat）	18世纪的河坛宫殿，坐船从水路check-in，走廊的石柱比	Brijrama_Palace,_Varanasi.jpg
1268	住	威尼斯	Hotel Palazzo Stern（大运河边）	运河边的老宫殿，早餐在水线上的露台吃，贡多拉从咖啡杯旁边划过	Palazzo_Stern.jpg
1269	住	威尼斯	The Gritti Palace	总督宫邸改的，海明威住过的那种老钱味，露台正对安康圣母堂的圆	Palazzo_Pisani_Gritti_(Venice).jpg
1270	住	维多利亚瀑布	The Victoria Falls Hotel	1904年的老殖民酒店，草坪尽头正对峡谷大桥，下午茶配着瀑布	Victoria_Falls_Hotel_from_behind.jpg
1271	住	维也纳	Hotel Topazz Lamée	椭圆形的凸窗像船舱，窝在窗座里看老城街角的电车转弯。	Hotel_Topazz,_Lichtensteg_3,_Vienna.jpg
1272	住	维也纳	25hours Hotel MuseumsQuartier	马戏团主题的怪房间，顶楼酒吧看博物馆区的屋顶，年轻维也纳的据	25hours_Hotel_Wien_we_are_all_mad_here.jpg
1273	住	维也纳	Hotel Sacher Wien	萨赫蛋糕的老家，红丝绒和油画包住整个大堂，门童记得每位客人的	Hotel_Sacher_(Wien_2008)_(10605892446).jpg
1274	住	怀托摩萤火虫洞	Waitomo Caves Hotel	1908年的维多利亚老酒店立在山顶，走廊吱呀作响，本地人笃定	Waitomo_Hotel_-_Flickr_-_Teacher_Traveler.jpg
1275	住	黄石	Lake Yellowstone Hotel	1891年的鹅黄色殖民风老酒店，日光厅里有人弹钢琴，窗外是黄	Lake_Yellowstone_Hotel_portico.JPG
1276	住	优胜美地	The Ahwahnee	1927年的花岗岩与巨木宫殿，女王和肯尼迪都住过，窗外就是半	Ahwahnee_Hotel_Half_Dome.jpg
1277	住	永加斯死亡之路	Hotel Esmeralda（Coroico山腰）	骑完车不回La Paz的人住这，泳池悬在山谷上方，晚霞把云海	Hotel_Esmeralda,_Coroico_-_panoramio.jpg
1278	住	永加斯死亡之路	Atix Hotel（La Paz南区）	设计酒店挂满本地艺术家的画，顶层泳池正对Illimani雪山	View_Atix_Hotel_Calacoto_Bolivien_02.jpg
